text,label,sa
"Your so funny
",1,1
" I'll be in Fed tomorrow night
",1,1
"â  :  grl yeah said I was tryn kiss a nigga and sent it to somebody I mess with I can't live yoâin the way
",0,0
"Tell me why I had the rudest customer today .. ugh
",0,1
"Went from Too that Quick Doe
",0,0
" happy to help ! it was my pleasure !!
",1,1
"MISS MYY BAE DOE BYRDMAN'S LADY OO
",1,0
"So much home work
",0,1
"And I just found every episode of fosters home for imaginary friends
",1,1
" that's so beautiful
",0,1
"Phone Finnah die
",0,0
"Terrell hall !! Sing !!! Sing allll of it
",1,0
"Just it's never gonna get old
",1,1
"that yellow whore !!!
",0,0
"Tired of stoopn to ur level .... #on my grown woman shit
",1,0
"I got twonika ass lmfao
",1,0
"where tf my nigga  been atttttt , i miss u
",1,0
"throw that ass back
",1,0
"- my boy . You're one of the chilliest seventh grades and funny af . We got to get the gang together for our game of icky cookie .
",1,1
"Jackson's ready to go ... And not to bed like my old ass
",0,1
" I love you ! So glad we could catch up ! Can't wait for Christmas time #reunion
",1,1
"  ummmm sorry about the whole being sick and sleeping on your couch thing how embarrassing
",0,1
"Can't believe this
",1,1
"Happy Thanksgiving Everyone
",1,1
"ON BD I CAN'T FUCK WITH DAIJA . SHE JUST PISSED ME OFF .
",1,0
"Ughhhhhh I'm sleepy
",0,0
"3 o'clock In The Morning Conversation Got Boring So I TOLD THAT BITCH GOONIGHT
",1,0
" is back with the #redsox & hit a homerun last night they won ... & the #yankees lost icing on the cake
",1,1
"I could seriously put ranch on almost everything
",1,1
"Life is so not a breeze today
",0,1
" oh Ard
",1,0
"â  : Angel just tried to play me though . â I did lol
",0,0
"Done trying to get close to people .
",0,1
"â  : I swear I hate stinky breath , that's why I don't be in people's face like that idk what fumes are coming out that shit . â
",1,0
"I can't help but be jealous selfish emotional irritated happy mad annoyed clingy freaky stubborn I just Love You
",0,0
"I Got Hit Again
",0,0
"Sitting here in the movie parking lot waiting on my sister , and I am really tempted to just walk in and go watch Frozen . Again . #SOGOOD
",1,1
"IM OUT tml
",1,0
"\Miley Cyrus is probably the queen of twerking , she knows what she's doing , she's so good """"
",1,1
" SMILE .
",1,1
"Not Feeling Good Aqain .!
",0,0
"I'm glad I'm off tomorrow I can sleep the whole day away .
",1,0
"I Be Cursing His Ass Out
",0,0
" Chill Aint nun Like thatâââ
",1,0
"My snapchats won't send
",0,1
"Its official , drama has somehow found its way onto instagram #SMH
",0,1
"Wish he felt better so he wouldn't sleep all day #misshim
",0,1
"My lips are burning they are so chapped
",0,1
"If Teresa has to wear a boot I might die !
",1,1
" I'm considering it ...
",0,1
"â  : Damnnnn . Alyssa might as well smoke before she go to work . Ain't no point in waiting on me â oh hush !!
",1,0
"I need them Gamma Blue 12s on my feet
",0,0
"  mines a dishwasher and closet space
",1,1
"Second day at the new job here I come !
",1,0
"â  : I want a man ! â
",1,0
" GoodMornin Neshae , hope you have a great day
",1,0
"this bitches fucking laugh has got to go before i punch her in the fucking face #holyshit #shutup
",0,1
"I need to change my avi
",1,0
" me no hater ... take that bac
",0,0
"If these fireworkers , wake my baby up ima walk too zemary && flashouttt
",0,0
" I HATED Breaking The News I Was Nothing But Emotional . I Was Pissed . ! Didn't Even Get To Finnish School There .
",0,1
"I'd watch vs fashion show if the girls were npc bikini girls #bodybuilding
",1,1
"love  . xoxoxo .
",1,1
"why she had to say oooh kill em
",1,0
"God Really Toke His Time On 
",1,0
"Someone text me please .
",0,1
" everytime I went over there he was in trouble
",0,0
"  just read them hahahaha
",1,1
"chief keef x now its over : )
",1,0
"He just said he want me to take his virginity
",0,0
"The fact that me and  didn't talk on the phone last night <<<
",0,1
"Some people are just
",0,0
"My two favorite people come home today
",1,1
"â  : One side of me telling me that I need to move on , but the other side wanna break down and cry â
",0,0
"Still at practice
",0,0
"She got 2 men jus like me . The baby daddy that wont leave & the new piece
",0,0
"My titty split â  : Piggy is Sooo funny her and sister man â
",1,0
"Why do textbooks have to be so expensive I'm not made of money !!!
",0,1
" it's not okay
",0,1
"Why did I stay up so late last night ?! #sotired
",0,1
"Can't sleep but I love when Austin rolls over and cuddles me
",0,1
"\  : Niggas be letting the wrong females down â for bitches that done been all around ... â """"
",0,0
" me too though
",0,0
"â  : If #georgetown looses I might just rip my bracket in shreds ... âJust don't get a Paper Cut Ya Heard
",0,0
" boooooo hopefully I can come after work
",0,1
" yay . #Teamiphone finally .
",1,1
" He really does ! and my mom better not back out of this because I will slit her throat
",1,1
"madyssan do tha samething â
",1,0
"GoodMorninqq #TGFAD !
",1,0
"i really NEEEEEEDDD to go out tomorrow !
",0,0
"If you want to threaten people to fight over a HIGH SCHOOL basketball game , you're fucking stupid .. Try growing up a bit . #goodnight â
",1,1
"Looking forward to spending the new year w you âºï¸
",1,1
" lol why what's wrong with them ?
",1,0
"Getting my hair done tho
",1,0
"All about that after dinner spliff man Peace and Good Vibes !!
",1,1
"The hustle bustle noises of a coffee shop are so relaxing to me âºï¸
",1,1
"B in trig what an awesome day #lifeisgreat #lovecrandall
",1,1
" well I'm always here for you and always got your back !
",1,1
"- my nigga my niggaâ I miss you I fwu tho , you keep it #300 with me !
",0,0
" girllll that youuuuu
",1,1
"I miss  she went missing today
",0,0
"And the allergies strike back again !!
",0,1
"My vision are blurry af .!!
",0,0
"â  : Imma fa real make some time fa my baby  next weekend I need to spend some time wit him cuz he stay mad at me lolâ
",0,0
"This nigga Dominic said where the bitches at you got em i said where they at my nigga
",0,0
"She clapping all fast , punching the air . IM DONNNEEE
",1,0
", can't help who I love
",1,0
" holy shit HATE YOU
",1,1
"I'm getting extra furred tonight this momma needs a break to let her hair down ,  twerk something
",1,0
"Dese hoes hate me but dey niggas love me â¤ï¸
",1,0
"iPods about to die
",0,1
"I've grown so much in the last few years but I feel the old shana creeping up . My mouth is feeling reckless
",0,1
"This nigga hitting hisself with the remote .
",0,0
"â  : I wanna get freaky w . you !!!! let me lick you up & downnnnnn â
",0,0
"Holy shit I turn 18 in 6 days
",1,1
"Bouta find something to do , it's so ASS !
",0,0
"Be honest , because I feel like I'm a bad person right now
",0,1
"Ellie Goulding .
",1,1
"I'm in a good as mood lol
",1,0
" you anything
",1,0
" you kno I'm getting them
",1,0
"I don't brag about my son ... But if u think I do so what he the shit
",1,0
"ma mom said she gon pay ma phone bill , but she be lying ..
",0,0
" twit pic >> such a cute little bby
",1,1
". Otp .. Widd Myy boo .
",1,0
"Dats who I slick want E
",1,0
"Can't decide if I wanna just not do xc this year and get another job to save up for a car or no #hmm
",0,1
"Goodmorning ,, Finna Get Ready For Summer School â
",0,0
" who slapped dhat Lil bitch before me
",1,0
"Wanting this week to disappear so the weekend will be here
",1,1
"Perfect idea ...
",1,1
" try to shake his hand
",1,0
" awww dangggggg Looking ahh get up out ya feelings lil bruh
",0,0
"I wish my boyfriend would text me so I can get his gift .
",1,1
"â  : Ok I'm watching \Finding Bigfoot "" tweet me when TLC and Pebbles come on .... I'm not here for shit else ... â ""
",1,0
" I miss you so much babyyy
",0,1
" anytime sweetie
",1,1
"Y'all Jus Cuttin People Off ? I Did That Shit 6 Months Ago
",1,0
"Had a dream about my ex from May
",1,1
"Fucking hate when it's a full classroom with hundreds of empty seats and someone's sits directly next to me .... WHY
",0,1
" lmao Ik & me 1
",1,0
"I wish  would hangout with me
",0,1
"My eyelashes <<
",0,1
" Ayee turn up
",1,0
"These twitter games get me mad This not facebook â .....
",0,0
"Xfactor officially made me sad tonight
",0,1
"â  : Im so glad i aint gotta go to westlake monday ~ khytweetâ you go to westlake
",0,0
" What's Wrong Wid Em Aarow ?
",1,0
"And I can't wait !
",1,1
"I wish  would notice me already
",0,1
" was my first love
",1,1
"Aww i guess he not talk to me no more
",0,0
"Happy .... HALF DAY ! < #no
",1,1
" the lesson of the day ... you don't wanna be treated like a mushroom ... kept in the dark and fed shit #unc #professorslesson
",1,1
"My mother has a condo right on the beach in Panama City ... Someone wanna ask me why I'm not there !!?! #VacationNeeded #NOW
",0,1
"R.I.P. physics test grade , it was a pleasure getting the pipe from that test
",0,1
"I really want to see  and  live
",1,1
"God I would kill to be rebuilding my 1969 camaro with a 555 inside .
",1,1
"Woke up feeling like complete shit , great ?
",0,1
"  #AskDragRace Which movie would you remake in your own image ?
",1,1
"Just met , already feel like I know the real her !
",1,0
"I had the best time this weekend with the absolute best date I could ever have !  you are my favorite
",1,1
"\ Females Will Argue With You For 30mins Then Be Like "" I Ain't Even Gonna Argue With You ! "" """"
",1,0
" yyy lol that's my lil boo thang
",1,0
"Woke Up And The First Thing I Wanted To Do Was Listen To Beyonce New Album Smh Btw Gm Yall
",1,0
"Ugh time to get up
",0,0
"My nephew got a game Saturday God don't let them hit my nephew too hard
",0,0
"stop acting like Dat man ain't finger yo ass kmsl I heard that's how you get thick
",1,0
"I'm really laughin hard I'm so extra man
",1,0
" I miss you too a lottttt
",0,1
"Soo happy my cuz is taking me to see Thor ! #Hype
",1,0
"wait . whoever okays Jackie Robinson is this movie is PERFECT . #drooling
",1,1
"â  : y'all say the same bullshit every year â
",0,0
"You Don't Know Nothing Bout That \  : Plies """"
",1,0
"I'm not gay I'm just confuse that's all
",1,0
" you're right behind me queer
",1,1
"Still salty my cousin tried to steal my earrings smh no one is allowed over my house again thieving ass lil bitch
",0,0
"I don't even like Common but in this movie Damn
",1,1
"â¤â¤ BeyoncÃ© â¤â¤
",1,1
"I'm getting aggravated my letter ain't here yet .
",0,1
"\i think we all got a little chubby , not to be mean "" -  ""
",1,1
"Sharp pains shooting up my arm , stomach in knots , head throbbing ... Gahh horrible night
",0,1
"Ima nymfo need to change my ways lbs
",0,0
"Just laughed for a straight five minutes
",1,1
"272 ; I swear were twins lol I love how close were getting and I'll always be here ! you're gorgeous nice and we need a sleepover . love you
",1,1
"\  : I Think They Tryna Book Me Ion Like This Shit "" me either ""
",0,0
"\  : I miss  !! #BeenWayTooLong "" I miss you too ! it has been ""
",0,1
"I feel so loving tonight .
",1,1
"Twitter doesn't get interesting anymore until around like 8ish .
",0,1
"About to get checked out .
",1,1
" I see how it is notice everyone but me ok
",0,1
"  no guys don't leave
",0,1
"â  :  TernupâTay tayyyyyy
",1,0
"Field hockey memories have been keeping me up for an hour now      
",0,1
"It's almost 3 in the afternoon and I just realized I haven't spoken to  once today
",0,1
"im n my feelings
",0,0
"Wishing  was here to cuddle with
",1,1
"Like why do people think what they say to me or what they say behind my back will EVER MATTER TO ME ?
",0,0
"Kinds words only from this girl .
",1,1
"I cannot believe you actually just said that ..
",0,1
"â  :  smh lmfao â
",1,0
"Aint finna make my night no worst than it already is .... #Pissed
",0,0
"Should I cop the Oreo 5s or just wait for the Taxi 12s ?
",0,0
" I was supposed to be !
",0,1
"I need some help finding an outfit I never struggle this much
",0,0
"Tyra green af
",0,0
"My Hair It's Curly Some Places & Straight Some Places WTF
",0,0
"All my boys keep me spoiled . I love it !
",1,1
"   lol awl
",1,0
"I hate coming in from a run and someone is in the shower . Worst feeling ever .
",0,1
"Yup it's Wednesday ! Yes it's hump day ! Yup I know plenty that's gonna be humping today
",1,1
"Irritated as fuck
",0,0
"amber need to stop talking all that crazy shit man
",0,0
"2ppl gone free meh
",0,0
"Bouta go back to sleep .
",0,0
"I wish my boyfriend still stayed out here , I miss him y'all â¨
",0,0
" she didn't even take me
",0,1
"When this bum Gon text me back ?
",0,0
"My son loves me soo much lol I love himm moreeeeee .
",1,0
"#HowIMetMyBestFriend we had dance together and then recognized each other in Spanish on the first day of ninth grade 
",1,1
"No work for the next 2 days , and it's going to rain . Yes !
",1,1
"don't even wanna be n dahh same bed widt him
",0,0
"This episode of Grey's is hilarious
",1,1
"S/o to  da best thang dat every walked in my life I love u n good night baby
",1,0
" I work early Saturday mornings hun
",0,0
"I wish it was like an open thing #YeahGotMe #ProbablyNot
",0,1
"She Might Of been there from The Beginning But it Only matters who gone be there at the end
",0,0
"Adriannas 6 month check up  9:45
",1,1
"I love how empty the gym is on Sundays
",1,1
"Gimme my shit !
",0,0
"   ight I'm drawing the line
",0,1
"GoodNight  Sleep Tight
",1,0
"iWould Say iCame in this world on my my own but i Acutualy didnt cause ihad a Twinn she juss aint make it . . . .
",0,0
"sike na ya ... I wudnt allow that
",1,0
"Gotta keep it wit 
",1,0
"â  : I knew #oomf was going say that lol â now you know me so much lol
",1,0
"  no you don't love me that much
",0,1
"That was pointless to say that thou
",1,0
"Wtf just happen I was texting my phone rung but the # ain't pop up
",0,0
" riiiiight bitches be fakin dummy dfl
",1,0
"It's official I have a sleeping disorder
",0,1
"Slick , Amelia , real slick . #clumsy
",0,1
" be there in a few hours
",1,1
"My emotions have been everywhere today âº
",0,1
"He ate them honey buns I want one !
",0,0
"Not looking forward to tomorrow , third time going to the oral surgeon this week
",0,1
"â  : Ion Got Nobody Stay Up w/ ! â
",0,0
"Joe buddon eat like a guy that just came home from jail
",1,0
" Aiight bet bae imma fuck you up when I see you and you gone make me sum mfckin tacos Watchhh
",0,0
"â  : My hair half done so I got a hat on I wonder if anybody can tell . I had to make a quick run â my dick ain't that good
",1,0
"Damn Hossa is out tonight
",0,1
" this 12 year old . Calm your self .
",1,1
"This has been ah bangin ass weekend
",1,0
"This nigga in this big wildin
",1,0
" so u not gonna share the puddin ! Most hated !!
",0,1
"\  : tops ain't pay me enough to GIVE A FLYING FUCK about they dumb ass paper and plastic goya goya ass customers !!! â ""
",1,0
"this nigga said its my fault he lost his money in a gamble
",0,0
"   always here bunn
",1,1
"Mfs Be Trying To Sleep On Us Darkskin Niggas
",1,0
"My girlfriend got her she all sexy & chocolate & shit
",1,0
"I been to Molly world before you niggas was .. You mfs was scared of the flat . I popped 2 . I was stupid . But now it's songs yaull ok wit it
",0,0
"  thank u
",1,0
"#bryzmoment I crack myself up
",1,1
" new cinder synth library ?!
",1,1
"My parents are going to the Dominican rebublic without me
",0,1
"If I was Flacco I would say fuck all yall un loyal ass fans
",1,0
"had fun cooln ithd widt myy baee  unc n myy homeboy tonite
",1,0
"That text message
",0,0
" I think
",0,1
"Shopping with Brandon and his grandma is the greatest thing ever they're so funny .
",1,1
"â  : Hoes be like \ I hate sleeping alone "" ..... But have a twin size bed bitch you have no choice â ""
",0,0
" i miss you baby !
",0,0
"Wahhhh my babies . Now I have to buy a new pair
",0,1
"I ain't know you could eat it down null
",1,0
"Just hit my head mad hard
",0,1
"I really miss my baby Yaelyn
",0,0
"I was having a good day up until lunch
",0,1
"A heck of a load of homework , 1 college essay and a full school day between me and the weekend
",0,1
" dam boe smell like ass ââââ
",1,0
"I just said goodbye to my best friend .... 
",0,1
" couldn't of asked for it to be any better considering the situation
",0,1
"\ LOL THAT FIGHT WITH MIRI & PANUK WAS FUNNY ASF ""
",1,0
"Rapping like I'm Trapping
",1,0
"Hate being woken up out of a dead sleep
",0,1
"Literally freezing in this school âï¸âï¸
",0,1
"â  : Ex all in my inbox on Facebook <<<< once I'm done , IM DONE !! I've moved on && so should you !! ââ you know you love him
",0,0
"Hah your funny
",1,1
"Somebody txt or call me
",1,0
"When You Realize You Dropped Your Thots For a Thot ââ
",0,0
"As long as he knows !!! But she gotta chill
",1,0
" danks sam lets hangout soon i havnt seen you since we were hanging at shauns
",0,1
"Minus work and what today is , it was amazing
",1,1
"that dick make her walk crazy
",0,0
" I look so adorable
",1,1
" don't be sorry <3 I'm trying ! I have surgery Wednesday #nervous
",0,1
"Good Morning Twitches ! #Army Strong !
",0,0
"\  : Diggy worst rapper hands down """"
",0,0
"I Enjoy Every Moment Of It
",1,0
"OMG ! My daddy really talkin my ear off cause I rode off w/ my last night !!
",0,0
"And go home . So you can talk to me about shit .
",0,1
"She Just Called Me A \Bish "" Remember That ""
",0,0
"But I have to watch it alone
",0,1
" this made my night I needed a pick me up ! #youretheBEST
",1,1
" looks perfect in her avi has always
",1,1
"if this pain doesn't stop I might throw a tantrum
",0,1
"I literally hate this new iMessage format
",0,1
"won't have my bed till Friday
",0,1
"Smh It's Like Back 2 Square 1
",0,0
"Sunday morning . Sun I shining . Cinnamon Raisin bread French Toast . Now all I need is someone to share it with .
",0,1
"I'm gonna miss everybody ..
",0,0
"This traffic on 95 is a bitch I should've known that ...
",0,0
"I'm officially missing you
",0,0
"Panera date with mom and the brother
",1,1
"Thinking about listening to music or playing a game on my phone ig music it is LOL
",1,1
"Just read my horoscope . That shit was scary correct .
",0,1
"â  : She sooooooooooo attractive .. Ion wanna brag bc ion wanna give niggas no ideas â
",0,0
" my dad has it all because he was supposed to open a bank account for me
",0,1
" I'm sorry
",0,1
" so do I
",0,0
"Sweet Annie by zac brown band
",1,1
"LAKE WITH MY HANNAH
",1,1
"my valentine & nd prom date the same person !!
",1,0
" if you say so !
",1,1
"Soo bored right noww
",0,1
" lewe pump nah
",0,0
"Out of all nights my room decides to be tf hot
",0,0
"Somebody needa wake dey ass up
",1,0
"laughing at these hatin ass mfs
",1,0
"Just realized today's technically my last day of summer
",0,1
"I'm highly disappointed about the ending of Catching Fire
",0,1
" thanks boo
",1,0
"IT'S SO HOT
",0,1
"Night = bitter-sweet
",0,1
" bahahaha like almost a week ago
",1,1
"I love knowing someone is scared of me .. It makes me lol
",1,1
"Ain't nun like it tho !!
",1,0
" no that would ruin it
",0,1
"â  :  why that's funny 2 u ??? â I seen that on vine
",0,0
"\  : Hoes love them some monster lookin ass niggas O_ . """"
",1,0
"I miss my boyfriend ..... I mean i would be missing him if i had one !
",0,0
"My forehead kinda big on the low .... Least That's Not The Only Thing Big On This Nigga , Cdfu
",1,0
"WHY DID I GIVE MY DAD TV TO TAKE HOME .... I need it now
",0,1
"I just miss everyone .
",1,1
"Who wants to go on a run ?
",1,1
" thank you Rachel !
",1,1
"everybody at my house this morning though
",1,0
" ' s SnapChats are always so outrageous
",1,1
"Direct message emojis
",1,0
"ALL ' S DIS WAY ....... U HEAR ME !?!?!?!?!
",1,0
"This nigga love attention yu good champ
",0,0
"Don't know what to doo
",0,1
"Diamond looked like a cute grape today
",1,0
"My back and head kill . I'm just gonna cuddle Kaiser and just pretend it all doesn't matter .
",0,1
"Moving In On Monday ! I Got Cable Galore !!
",1,0
"Mama say Bruce & Syria her babies , I said NO , NO they NOT she hit me w/ that , I be knowing them kids all they life Idc
",0,0
"If it was weather like today at the end of summer everyone would be all hhh finally get to wear my boots again !! â¤ """"
",1,1
"Keidra den peer pressured me to get turnt
",1,0
"COME GET YO HOE !
",0,0
"Nikia left me : ( #BadBestfriend ! Lol
",0,0
"Now that so much has changed in just a year it makes me sad
",0,1
" I've been tweeting about you
",1,1
"Just got through cooking me some breakfast . Sausage and toast : )
",1,0
"This boy asked for Payton's # . After she gave it to him she was like \*sigh * , I'm just gonna be lightskinned "" ""
",0,0
" sorry I'll refrain from anymore comments about the playoffs AND next time I see you I'll give you a hug
",0,1
"How I'm feeling right now
",0,0
"Omg My Butt Gettin Big Again Yal
",1,0
"Aye he funny doe
",1,0
"Shit just fucked up
",0,0
"Everyone is such an instigator I can not
",1,1
"Fuck I'm tired
",0,0
"Time to eat . Gotta take my weave out tonight cuz I'm gettin my bob tomaaaaa & I'm getting my hair dyed this evening ohhh yess .
",0,0
"I love driving ! #finally
",1,1
"They Chantin MVP for Melo
",1,0
" is sexy as hell ! I think I'm in love #HitTheFloor
",1,0
"Oh Nah She 26 , and He 74 that's wild
",0,0
"\I'm sure she greets them in the evening beaver first "" ""
",1,1
" fuckkkkk youuuu
",1,1
" what's your snap chat username ?!
",1,1
"Wish I was at the UFC fight Uriah Faber is my boy !
",0,1
"â  : oomf forever trynna get a S/O on Instagram by liking all my pictures #GoPlay â kml give em shout out lol
",1,0
"        happy days to you !!!
",1,1
"last Retweet .
",0,0
"Sleep sleep time
",1,0
"Time to open more presents at nannys houseee
",1,1
"THE DAMN WILD CHERRY PEPSI DOESN'T EVEN TASTE GOOD
",0,1
"Burke going to Utah to move back
",0,1
"Pat in here dancing
",1,0
"â  : hair done , nails & toes too âoh shit lol
",1,0
"What a shitty morning . All I want to do is sleep
",0,1
"Don't nothing ever good happen ' I sware I just be wanna give up bruhh
",0,0
"You're a truuuuuuue fraaaaand . You're here til the eeeeeennnnnnnnnndddddddd . â
",1,1
" oh Lordy . Hold upppp , wait a minute .
",1,1
"I'm crying I'm crying . And she put #BlpndeProbs
",1,1
"wish things went back to how they used to be
",0,1
"People really be crying themselves to sleep , #IMDONE
",1,0
"He told me I could ride his face
",1,0
"Hate when he leaves , come back 
",0,1
"That damn Eman
",1,0
"Outta All People Quay Recieve So Much Hell From Me Lmfao Idc Though
",1,0
" I got stuck for a while but I'm okay now . I've made it to Johnny's market but rheatown will be the real test !
",0,1
"My'Stomach Talking To Meâ
",0,0
"Ima cater too him .
",1,0
" schleep , bring me my shit before I run in yours yb .
",1,0
"So nauseous all day . I just want to feel better .
",0,1
"Them air maxes thou
",1,0
"Im not feeling GoodWish I was in Texas with my hubby
",0,0
" omg yes
",1,1
"I love Mariah so much !
",1,1
" hate days like that ! Love u !
",0,0
"Dis Nigga Threw Da Ball 50 Times
",0,0
"All of this is just too sad for me . Leaving my KU friends , and realizing I'm not even going home to my best friend cause she lives in Cali
",0,1
"so pumped to take my SAT
",0,1
"â  : When them hoes be all over yo dick you better thank methey only want you cause they hate meâ
",0,0
"I'm not ready for  to leave . #missyoualready . I am ready to spend time with my baby boys all weekend though ! #mixedemotions
",0,1
" I am glad you came over , tho ! Love yuh !
",1,1
"there's gonna be so many pics of homecoming ...
",0,1
"  I just so hard I myself
",1,1
"Bae Need To Call Me
",0,0
"Sum of yu hoes be talking bout ya dam selfs
",1,0
" Sounds like my father !
",0,1
"The later it gets the harder it is for me to fall asleep . There's no one to talk to this late .
",0,1
" no problem and thanks darling
",1,1
" yeaaa well ..
",0,0
"â Calling me blocked
",0,0
" love you tooâº thanks for putting up with me all day
",1,1
"All these people talking about how they hate sleeping alone ... I personally love sleeping alone because you get the whole bed to yourself .
",1,1
"Once I'm done with a nigga I am done no going or coming back .
",0,0
"My phones on 1% whyyyyy
",0,1
"im so thirsty
",0,0
"I am sooo sunburnt i can't sleep ugh
",0,1
" everyone in my class is just dripping wet
",1,1
" they're terrible
",0,1
"In Tennessee now : )
",1,0
"#RandomAviChecks  you trynnaa get cutee girl ?
",1,0
" me toooooo ! gahhhh so sooon
",1,1
"Damn I Miss My Sister
",0,0
"I still win and u still lose bitch ass nigga
",1,0
"Fuck your fake friends where your real friends at
",0,0
"â  : It's rainin runs ! Hallelujah it's rainin runs ! #TCM â
",1,0
"And I miss Mikey , I jus wanna cuddle and give him all tha hugs n kisses
",1,0
"kanika dont make me march time 8 in yo asx
",1,0
"I'm up early
",0,0
"Bout to put this Loud in the Air
",0,0
"Can't wait for 22 Jump Street to come out !!!
",1,1
"I think everybody dat I use to text got a bf now cuz school next week dey ain't been textin
",1,0
" Can you not be extra !
",1,0
"Movie with my girls tonight  
",1,1
"I miss singing like really
",0,0
"Oh yeah he's in Norman
",0,1
"my dad said there's really bad storms coming
",0,1
" oh alright
",1,0
"Bahahaha she got me .
",1,0
"Tell me about it Lee these muthafuckaz never satisfied
",0,0
"Erin just tricked me into thinking she was home #notfunny
",0,1
"chillllllll lol that's why I ain't wanna tell you
",0,0
"â  : As great as that milkshake was earlier ... â got the BG's ???
",0,0
"It's cold asf now
",0,0
"Feel sorry for her while she waiting on my dick . looking stupid he's homebound
",1,0
"â  : My nigga K everybodyy nigga â
",1,0
" & I just died laughing at  vines .... my gosh . Too dang funny .
",1,1
" I don't know I get back Tuesday and we will soon ! miss you Pagogo
",0,1
"If I see or hear about One Direction one more time ...
",0,1
"What ever happend to T-Pain , Young Joc , Lil John ,
",1,0
"poker night . wishh me luck
",1,1
"look like its gone rain
",0,0
"â  : I'm tall af â lol
",0,0
"Why are bruins tickets so expensive
",0,1
"yeah . I get no more questions now sad . sad moment .
",0,1
"I showed out Lastnight
",1,0
"These hiccups won't go away !
",0,1
"Only the Glo
",1,0
"Ian Have A \Gm/Gn Bae "" Call/Txt In So Long .. ""
",0,0
"I think  is too cool for me now
",0,1
"â  : My bad â  : #oomf lost my headphones ââ
",0,0
"Heard She Can Do Some Tricks With Her Mouth Nigga
",1,0
"  I miss it too
",0,1
"Wifey I kik you and you ain't kik me back smh no love
",0,0
"How does one mentally prepare themselves to say goodbye to their best friend of 12 years ? I have no clue
",0,1
"No girl wants a lying ass , hoe ass , fake ass , no life having ass , bitch ass nigga
",1,0
"Dear  I'm happy I can retweet ur shit
",1,0
"â  : Boutta ride down town to dumb ass pen dot âgirl nyteerah just got back she failed
",0,0
"I can't sleep
",0,0
"Sike nah lmfao .
",1,0
"Cj was getting hoed by his girl
",1,0
"The girl in church sitting next to me looks like Meagan Good
",0,1
"420 is over
",0,1
"My iPhone just died for the first time since I got it . So naturally I'm charging and consoling it to make sure it's ok . Yeah judge me
",0,1
"I should probably go to bed .
",0,1
" Bae gets to finally play Gta 5
",1,1
"Why Am I Up So Early ?
",0,0
"â  : â  : I want to be at school today , but I won't be back til Tuesday . â , missss yaaahâ miss you too
",0,0
"Can it be August 17th already , I really miss my favorite blue eyed boy
",0,1
"So happy that I got to see  tonight she's my everything
",1,1
"Hot my puppy's paw print today . I miss him
",0,1
"#oomf trippn low key
",0,0
"Tired of a lot of these niggas
",0,0
"Looks like I gotta date on Sunday
",1,0
" I miss you bubble butt sweet dreams
",1,1
"It's seriously retarded how many messages I sent you
",0,1
"Gah ... 6AM and Mia's doctors appointment is at 12:30 today and I got work ! Go to sleep peanut ! We both need rest !!! #Cranky
",0,1
"Thank God for  for listening to me talk for 20 ... What a good friend
",1,1
"man i feel like shit
",0,1
"Now hopefully I get the job at Menards too ! So I can see  pretty face everyday !
",1,1
"Every clock in this goddamn school is wrong
",0,1
"I wanna go to N.O. I miss  retarded ass
",0,0
"now that you guys are bestfriends now you can make fun of me and not eachother .
",1,1
"I Can't Fit NONE Of My Jeans Nomore . Tf Oh We'll Im Not Suppose Be Wearing Then Anyway
",0,0
"  you have a cat delivery coming
",1,1
" still ain't text me lol
",0,0
" hey Katelyn , I haven't heard from you in ages ... Goh I forgot you even existed
",1,1
"It's Cold !
",0,0
"I'm just down right now but tomorrow I'll be ok
",0,0
"Always begging John to have fun
",0,1
"Oomf Aint & Never Will Be , To ME !
",0,0
"Pretty excited for 3 softball games tonight hopefully I don't strikeout like 
",1,1
" i do not gave any icons 2 show crying , but if I did , I would fill this tweet up w that #ilovemynieceexceptherschool #SicEmBears
",1,1
" I just turned my phone off
",0,1
"I just wanna be happy
",1,0
"I'm bored and alone . With nothing to do . Yay .
",0,1
"Texting pooh ugly butt
",1,0
"\  :  throw the oop "" you want him ? He said wassup ? ""
",0,0
" prob thinks I'm crazy from last night
",1,1
" Shut up I'm still in bed while you're y school . Hahahahahha
",0,1
"Lol call my phone I'll be with him all week lil hoe
",1,0
"  MAN FUCK DAT BITCH
",1,0
"Llahctgtsg ..., -
",0,0
"Taquitos for dinner .
",1,1
"#InMiddleSchool I wasn't baldnead
",1,0
"I hate waking up sad bc of a dream .
",0,1
" I'm going home this weekend
",1,1
" thank you
",1,1
" cheer up
",1,1
"wer the fckin freaks n da geeks
",0,0
"Think ya forgot to change ya bio hunn
",1,1
"I finally finished American dervish
",1,1
"I hate Cruise Remix .
",0,1
"Okay I'm done mowing the lawn
",1,1
" this weekend love you too
",1,1
"#oomf needs to be mine
",1,1
"I really do not feel like going to work today
",0,0
"Such a beautiful day & I can't think of any better way to spend it than to worship The Lord and learn about the true values of love â¤
",1,1
" no turn up for my 40th ???
",0,0
" I hate you lol
",0,1
"Anyone feel free to interrupt this 5 page essay
",0,1
"Seeing  in Krogers tonight was the highlight of my day , and it was a pretty great day
",1,1
"â  : I aint expecting nun new for 2014 . Bitches still gone be ignorant & niggas still ain't gone be loyal . â
",0,0
"Got my night cap gm
",1,0
"Omg why is my phone blowing up right now ?! Im so sleep and I just want to relax lol
",1,1
"â  : Khi keep saying deedee  âhe miss me
",0,0
"I'll never completely understand you . And that eats me up inside . #soconfusing #spititoutalready
",0,1
"School honestly puts so much stress on me
",0,1
"Why is my IG acting Dumb
",0,0
"This hoe 25 with 7 kids omg fuck yo life lmaaOoo !
",0,0
"My block stank They need to hurry up and fix whatever they doing
",0,0
"Too early . Im exhausted .
",0,1
"- I miss mrs. stabnicks classss , we had fun . & I'll never forget that text you sent me during graduation rehearsals .
",1,1
"Valentine dayy nightt
",1,0
" I literally just noticed
",1,1
" I saw them ! That's what inspired me haha
",1,1
"Ughh bbl tweeple ....
",0,0
" most definitely yes
",1,1
"I'm hungry & bored !!!! I want some checkers & no one loves me enough to text me back !
",0,0
"I walk in and fuck shit up everywhere I go I gotta stop
",0,1
"Maybe tomarrow will b a lil betta
",1,0
"Feather & fin wit 
",1,0
"Just got an interview at Kroger
",1,1
" ill miss you too my beautiful Whale
",0,1
"I wish I had a gym in my house
",0,1
"We dont do that
",1,0
" Fuck you
",1,0
"Man I'm just tryna eat my spaghetti in peace and this shit happens
",0,1
"Bitch Let Go My Hand !
",0,0
"Try to tell you stop , but your lips got me so out of breathe . #Maroon5
",1,1
" don't hate on Flynn homie
",1,1
"Wishing I was going to Kendrick tonight
",0,1
"I mean I'm really excited to cheer for the boys tonight but I am so mentally tired and drained #thestruggle
",0,1
"â  : Shit up kris Ashleyâ ima fuck you up watch
",0,0
"I need to go back to sleep but I can't
",0,0
"Why does 5 o'clock seem so far away
",0,1
"This whole thing is hilarious . These girls just don't know .. Rey would put you in the hospital .
",1,1
" Are you going to be doing any giveaways for Monster Jam . Me and my son could use a pair .
",1,1
"im sleepy boe
",1,0
" even me
",0,1
"Guess we going to pops now
",1,0
"I don't wna be a playa kno more
",0,0
"It wont happen again !! Understand that but yesterday you call me a lot of bad things ! but u probaly dont care ! But see im still here !
",0,0
"Tessa is the best roomie ever for drinking with me on my last night even though she has a final tomorrow !
",1,1
"I wish I could go to sleep
",0,0
" I love you
",1,1
"going to sleep UPSET
",0,0
"Niggas and They Feelingsâ
",1,0
"Somebody come get tre big ass lol he keep insisting on doiin a high jump over my damn suitcase 
",1,0
"fuck all day shifts
",0,1
"Yayyyy just caught jasmines sub tweet lol finally caught me one
",0,0
"Can't find my girl friend again sigh
",0,0
"Did this bitch just send me pics of my 16 year old classy self
",1,0
"My whole life about change next week -_- not ready at all
",0,1
"u gotta stoppp
",1,0
" I really really really wish . can we please hangout over break ? I miss you so much . I miss all of you .
",0,1
"CANT WAIT TO BE REUNTED AND HAVE MORE ADVENTURES WITH ME LOVE KINZ 
",1,1
"Woke up wit a headache n shit
",0,0
" yeah no one texted me .. I see how it is .
",0,1
"Budweiser is pretty good since  hoes me on Mah Labatt blue light hehe still Love u
",1,1
"    that peach Ciroc . and the Grey Goose vodka . I'm pretty sure it's a lot more too .
",1,1
"Hahahahaha okay I'll do it now !
",1,1
"  I'm quiet !!
",1,0
"We have some great sales going on in store right now
",1,1
" ok ill see what i can put together for you
",1,1
"When me and  were little our dad would tell us if we didn't go to bed on Christmas Eve he would shoot Santa .
",1,1
"Spent the entire day helpin out my gampa ! Felt good
",1,1
"Niggas must not knowâ
",1,0
"So pumped for today , lets kick some butt !! #HereWeGo      
",1,1
"I set my alarm for 10 and I wake up at 8
",0,1
" chris you gettin freaky
",1,0
" Feel better , always here for you Hanna â¤
",1,1
" you and me both haha
",0,1
"I'm slacking on my tan time
",0,1
"My mama told me I'm crazy .. But she bet not ask for no money
",0,0
"â  : Claudi betta ask his homegirlâ that's not my home girl
",1,0
"I can't get enough of Glee
",1,1
" You too !!!
",1,1
" dontae you a fool I feel u tho
",1,0
"Im the light skin Keith sweat . Drake smooth as hell
",1,0
"I haven't even been away from my friends for more than 5 hours and I already have to tell them stories #truelove
",1,1
"KEASHA OP !
",1,0
"Ha ... and just when I thought I couldn't feel any worse . Awesome
",0,1
" I love your summer hairstyles I do them eveyday â
",1,1
"â  :  ya avi > âthanks
",1,0
"â  : My ma don't never wanna unass no money ! âyou know she ain't got nun to unass
",1,0
" next week ! And great ! Do you work there or just shop there often ?
",1,1
" both 4 real people just need me on them Lls
",1,0
"This bitch 5's shits fucked
",1,0
"What we did
",1,0
" LMAO oml it do
",1,0
" I love how you played out your day in emojis
",1,1
"Like seriously who the fuck takes pictures of soap & a sink ?
",1,1
"Besides being at work
",0,1
" I wrote u a letter when u first went to jail . U replied . I framed it and its in my living room
",1,0
"STRESSIN ' over this football game .
",0,1
" who ?! Lets celebrate
",1,1
"I like people who tweet real ish
",1,1
" That is FANTASTIC !! Would love to see it if you care to share it . Congratulations
",1,1
" i miss you i love you !
",1,1
"talking about going out to eat really stressed me out .
",1,1
"Wait it's so weird that when I watched pitch perfect last year I hoped that it's what college would be like .
",1,1
" lol yeah I told him I'd buy him dinner if he took me and my friends to the mall since my parents went out today .. he agreed
",1,1
" thanks I tried applying this year , but you have to be 21 . So I'll be good for next years it would be a dream come true
",1,1
"was totally planning on going to bed early tonight ... & then i remembered i have my ACT class tonight
",0,1
"Done tweeting forever Caz of  #night â
",0,1
" my mom or her I got a feeling Tgey gone keep me
",0,0
"She can't not sing
",1,0
"I need to find me somebody to go with on thanksgiving
",0,0
"I'm so tired and cannot take a nap
",0,1
"â  : not in Bastrop foo , Monroe !  â I guess I shouldn't of said nuhn huh ?
",0,0
" Crap ! I was wondering about the Ambulance that just passed me !
",0,1
"Why do I be Zoning out before I go to sleep #iBeDrawn
",0,0
" Probably because you have a swollen up mouth .
",1,1
"actually in a really good mood right now
",1,1
"Oh shit Nicole that wasn't about you
",1,1
" thanks love !
",1,1
"11:25 <<<<<<< -_________-
",0,0
"    not working today
",0,1
" Goodmorning Babyy Gal
",1,0
" I mean .. It's your choice .. I'm just saying .. I will NEVER go away
",0,1
" i see you ilove you i die for you i say you're name everyday i love you since 2009 but all this and you don't know i exist
",0,1
"gah what a great way to ruin my day
",0,1
" it was one of the girls we are with ....  was completely sober #thatsalie
",1,1
"laying down watching starstruck
",1,0
"Y'all don't understand the hell I catch with that boy â .
",1,0
"\  : KEEP CALM i'ma always be around """"
",1,0
" WHAT ?!? I didn't get an invite ! Lol â¤
",1,1
" I can't breath man but Ian bout to argue with u ova my woman WE goin to bed now
",1,0
"Don't answer me then
",0,0
"I'm tired so I'm goin to sleep ! Goodnite twitters ttyl
",1,1
"All this food at work right now #blackfriday
",1,1
"  I CAN'T EVEN HANDLE HIM !!!
",1,1
"My mom knows I hate when people chew with their mouth open yet I ask her to stop and she doesn't stop .
",0,1
"At Work Extra Bored
",0,0
" you were in #CatchingFire and didn't tell me !!!
",0,1
"Thinking about you 
",0,1
"Nooo I can't get sick
",0,1
"Well .. He just left
",0,0
" we goin to Nat still ? Im tryin to see Raising Cane lol .... <<<<<
",0,0
"#oomfs Told Me Earlier That I Need To Grow Up
",1,0
"Fina Be Up All Night Doin These Fuckin Note Cards
",0,0
"Damn haven't been w/ my BF in 2days
",0,0
"Jason DeRulo is perf
",1,1
"Cailee just fell her big headed ass off the couch !!
",1,0
"thank you Tyler for untying my bikini top so everyone saw my boobs . #fml
",0,1
" ain even in the mood lol own argue wit these Simeon kids
",1,0
"Thatsssss Someeee Funny Shiiit
",1,0
"I haven't had a WCW in like months ..
",0,1
"It's so pretty out not as hot yet . Thank god .
",1,1
"This My Mf Song
",1,0
"I wanna see the zoo lights
",0,1
"Why does school have to be so expensive
",0,1
" Shuttup speak when spoken to
",0,0
"just for no reason , & my mama making it worst .
",0,0
" you better be !
",0,1
"All I can think about is what's in store for tonight after i clock out
",1,1
"He make so mad then make me blush & shxt all night & morning
",0,0
"Still laughing at that old man gettin it on the dance floor last night hopping around like a damn frog too !!
",1,1
" i obviously miss you more , i remember seeing you on black friday . But you saw michelle and i in a shoe store lol
",0,1
"I Miss My Nephew : (
",0,0
"I really hate this game
",0,0
"Nancy That NIGHA !
",0,0
"Really can't sleep
",0,0
"this back pain <<<
",0,1
"Yaaasss gt sum chinese food !!
",1,0
"This long ass ride to the jail i dnt gt time
",0,0
"Let me turn it down my baby mama listenin
",1,0
"now I'm up fr
",0,0
"â  : A hoe main excuse is : I was young & dumb . Naw ... You was like Little Caesar's \Hot & Ready "" â funny I guess I was hot n ready ""
",1,0
"/n . ;; ;Â©~ âU
",1,0
"  best 18 year old sister . You're still best 22 year old sister
",1,1
"Can't wait to ride in the Big Body
",1,0
"in need of a new belly button ring
",0,1
"Yep . I knew they made pancakes and with out me
",0,1
" HAHAHAHAHAHA !!!! Good thing ur so close to the ground
",1,1
"AINT GOT MY WEAVE SNATCHED YET ! YEAN GOT YA NIGGA BACK YET !
",1,0
" Gm Tab Zamora Nyveek . Enjoy ur morning
",1,0
"\  : I hate when I be like "" I miss you "" & they be like "" what you miss bout me ? "" like BITCH .. "" lol right ""
",0,0
"I should feel relieved because my week is over , but I stay stressed constantly now .
",0,1
"I hateeeee being up this early
",0,1
"   HAPPYYYY THANKSGIVING brotha and too your family , have fun be safe and laugh a lot â¤ï¸
",1,1
"Love&Theft ... traveling almost 2 hours to the show today and took a personal day off work and didn't get M&G's for the wife and I ..
",0,1
" Fuck He Thought Ty
",0,0
"Super tired .. Can't get out of bed .. I should've come home early last night ..
",0,1
"got em singing drunk in love
",1,0
"â  :  I miss you baby . âI miss you too !!!
",0,0
" yeah ... maybe my grandma , maybe
",1,1
"Omggg such a tease
",0,1
"Maliah better text me
",0,0
" Well that's good news ., NP
",1,0
"Heard you went half on some tru's
",0,0
"Not feeling the best today
",0,1
" naah , I would just rather try to get good seats from presales . I hate lawn seats and the other ones are so expensive
",0,1
" yeah , just got alot going on
",0,1
" Dont question me ! Lol j/k .!!!!
",1,0
"they knew that wasn't gone be first down
",0,0
"Face Down ... Ass Up
",1,0
"Mondays always ruin my Sunday
",0,1
"â  :  I ain't Doin nothing wrong dflâ
",1,0
"He Called This Bitch White piece of bread
",1,0
"im so tired ..
",0,0
"Textingg Whats Minee >>> .
",1,0
"I can not wait till homecoming
",1,1
"She is chaise cousin also my poo â  : How u kno my family Bugga .. â  :  yessss ââ
",1,0
"Talkin but yeen gettin
",1,0
" ooh I work 3-11 tomorrow .
",0,0
" thanks gray love you so much !
",1,1
" great when do you get back ?
",1,1
"My room is so hot !!!! Idk if I'm gonna be able to fall asleep !!!
",0,1
" thanks meg
",1,1
"â  : I'm gonna fail this lab practical tomorrow â STUDY I am right now ! Lol
",0,1
"don't ever give a young nigga some pussy he telling everybody
",1,0
"I should've listened to my friends because they were right .
",0,1
"tomorrow i work upfront , yay returns ! i dare someone to piss me off tomorrowâ
",0,1
" hahah yeah that is so foul haha idek what too think !! eww #scrub
",1,1
"we there ?
",0,0
"One month till I'm 17
",1,1
"I'm so hungry ! ahhhh !
",0,1
"I wish I was in the movie burlesque
",1,1
"  I'm always worried !!
",0,1
"The Boredom Tonight Is Real ! Nothing Is On Tv , I Miss My Queen , I'm Horny And I'm Hungry ! Fml !
",0,0
"Waiting in line for the Thunder/Bulls game . It's not looking like we will be in before tipoff ?!
",0,1
"I hate my damn phone always tweeting at people on accident ..
",0,1
" haha that's probably the case !
",1,1
"I dnt want nun but big sweaters&tights thts it I love em !!
",1,0
"Gasp â  : DONT COMMENT ON WHAT HOES DO ON TV WHEN ALL Y'ALL BROKE LONELY MISERABLE HOES ON MY TL IN THE SAME SITUATION â
",0,0
"I be puttin 2 many pictures on ig
",1,0
"Driving in this weather freaks me out . I just had to get stuck in it
",0,1
"Im really not trying to go back right now
",0,0
" i know what it means
",1,0
" lmmfaoooo naw this ain't no lor crush like I REEEAAALLLYYYYYYYYYYY like her lmao . â¤
",0,0
"Sumbody juss let ah choppa loose cross tha bayou
",1,0
"this . always . happens . ALWAYS .
",0,1
"I am NOT gonna be a happy camper on Monday morning .
",0,1
" that's ridiculous mean af for no reason u need to cut that shit out
",1,0
" omg im so excited to listen to it when i get back to my dorm ! love both of those songs
",1,1
"Jst wen I tweeted about him he called me asking do I need him to take me to get my shoes
",1,0
" she's fake ! She likes s not she's an insult to l-kind .
",1,1
"Bitch get ova yoself !
",0,0
"My grandpa moves in tomorrow âºï¸
",1,1
" he trying get a real nigga caught up man
",0,0
"Siingle R Taken
",1,0
"Rick Ross said invest millions of dollars in his body
",0,0
"Fish butt I can't stay asleep at night for anything
",0,1
"â  : \  : why she keep trying to make my cousin the bid . ? "" She ' ont want it forreal . â ""
",1,0
"â  : mfs on twitter & amp ; IG -___- ââ
",1,0
"Seriously never snapping  again ! Screenshots upon screenshots ..
",0,1
" dumb ass spell check
",0,0
"When the only Asian in class gets called yellow to match the color on the map of where he's from #onlyincollege
",1,1
"bruh neva believe Haitian ppl real talk
",0,0
"#TweetLikeYourBestFriend F is for friends who do stuff together U is for you and meeee .... Continued ... Hahahhaa 
",1,1
"Now I gotta see what to make at home
",0,0
"Oomf know EVERYBODY bruh ..
",0,0
"sometimes I feel like I'm a child
",1,0
"This is NOT how i planned to spend my break from school #justmyluck
",0,1
"But Wait Dnt Lock Me Out 
",0,0
